{"neg_multi_log_likelihood": 2691.9548850152396, "average_displacement_error_oracle": 4.912221492304938, "final_displacement_error_oracle": 9.062431448627848}