{"neg_multi_log_likelihood": 227.71812448634586, "average_displacement_error_oracle": 1.1840997824209123, "final_displacement_error_oracle": 4.228595960275489}