{"neg_multi_log_likelihood": 276.0854537175785, "average_displacement_error_oracle": 1.3253543307863482, "final_displacement_error_oracle": 3.76786658965307}